<?xml version="1.0" encoding="UTF-8"?>
<actor PGFVersion="0.25" id="id975173" GSCVersion="1.25.61"><attributes><text id="name">hero</text><real id="time">0</real><point id="position"><real id="x">0</real><real id="y">0</real></point><size id="size"><real id="width">20</real><real id="height">22</real></size><angle id="rotation">0</angle><color id="color"><real id="red">1</real><real id="green">0.5</real><real id="blue">0</real><real id="alpha">1</real></color><image id="image"></image><text id="tags"></text><boolean id="preloadArt">true</boolean></attributes><behaviors><behavior enabled="true" id="id529002" class="RuleBehavior"><attributes><text id="name">Move me Right</text><text id="bundleName">Rule.behavior</text><boolean id="runOnce">false</boolean><boolean id="runSequentially">false</boolean><real id="compoundConditionKind">0</real></attributes><conditions><condition id="id283646" pluginPredicateTypeIndex="0" eventType="mouse position"><attributes><index id="conditionType">1</index><text id="subjectAttribute">game.attributes.id385067</text></attributes><predicate type="boolean"><attributes><index id="RHS">1</index></attributes></predicate></condition></conditions><behaviors><behavior id="id560846" class="MoveBehavior" enabled="true"><attributes><text id="name">Move</text><text id="bundleName">Move.behavior</text><angle id="direction">0</angle><index id="space">0</index><index id="moveType">0</index><real id="speed">220</real><boolean id="haltWhenBehaviorStops">true</boolean></attributes></behavior></behaviors><elseBehaviors/></behavior><behavior enabled="true" id="id643759" class="RuleBehavior"><attributes><text id="name">Move me Left</text><text id="bundleName">Rule.behavior</text><boolean id="runOnce">false</boolean><boolean id="runSequentially">false</boolean><real id="compoundConditionKind">0</real></attributes><conditions><condition id="id283646" pluginPredicateTypeIndex="0" eventType="mouse position"><attributes><index id="conditionType">1</index><text id="subjectAttribute">game.attributes.id151747</text></attributes><predicate type="boolean"><attributes><index id="RHS">1</index></attributes></predicate></condition></conditions><behaviors><behavior id="id560846" class="MoveBehavior" enabled="true"><attributes><text id="name">Move</text><text id="bundleName">Move.behavior</text><angle id="direction">180</angle><index id="space">0</index><index id="moveType">0</index><real id="speed">220</real><boolean id="haltWhenBehaviorStops">true</boolean></attributes></behavior></behaviors><elseBehaviors/></behavior></behaviors><aspects><graphics><attributes><boolean id="visible">true</boolean><enumeration id="blendingMode">0</enumeration><enumeration id="horizontalWrap">0</enumeration><enumeration id="verticalWrap">0</enumeration><enumeration id="horizontalAnchor">0</enumeration><enumeration id="verticalAnchor">0</enumeration><boolean id="flipHorizontally">false</boolean><boolean id="flipVertically">false</boolean><integer id="tileWidth">20</integer><integer id="tileHeight">22</integer></attributes></graphics><motion><attributes><point id="linearVelocity"><real id="x">0</real><real id="y">0</real></point><point id="centerOfMass"><real id="x">0</real><real id="y">0</real></point><real id="angularVelocity">0</real><real id="maxSpeed">0</real><boolean id="applyMaxSpeed">false</boolean><boolean id="pin">false</boolean></attributes></motion><physics><attributes><real id="density">1</real><real id="friction">3</real><real id="restitution">0</real><boolean id="fixedRotation">true</boolean><boolean id="movable">true</boolean><enumeration id="collisionShape">0</enumeration><real id="drag">0</real><real id="angularDrag">0</real><boolean id="canSleep">true</boolean><boolean id="betterColisions">false</boolean></attributes></physics></aspects></actor>
