<?xml version="1.0" encoding="UTF-8"?>
<scene id="id524601" GSCVersion="1.25.61" PGFVersion="0.25"><layers><layer id="id755734"><actors><actor id="id500379" prototype="id869872"><attributes><point id="position"><real id="x">547.5</real><real id="y">262</real></point><size id="size"><real id="width">53</real><real id="height">52</real></size></attributes><aspects/><behaviors><behavior enabled="true" id="id607577" class="RuleBehavior"><attributes><text id="name">move right</text><text id="bundleName">Rule.behavior</text><boolean id="runOnce">false</boolean><boolean id="runSequentially">false</boolean><real id="compoundConditionKind">0</real></attributes><conditions><condition id="id206183" pluginPredicateTypeIndex="0" eventType="touch"><attributes><index id="conditionType">0</index></attributes><predicate type="touch" conditionType="pressed"><attributes/></predicate></condition></conditions><behaviors><behavior id="id480651" class="ChangeAttributeAction" enabled="true"><attributes><text id="name">Change Attribute</text><text id="bundleName">ChangeAttribute.behavior</text><text id="targetAttribute">game.attributes.id385067</text><text id="RHS">true</text></attributes></behavior></behaviors><elseBehaviors><behavior id="id157739" class="ChangeAttributeAction" enabled="true"><attributes><text id="name">Change Attribute</text><text id="bundleName">ChangeAttribute.behavior</text><text id="targetAttribute">game.attributes.id385067</text><text id="RHS">false</text></attributes></behavior></elseBehaviors></behavior></behaviors></actor><actor id="id543592" prototype="id684732"><attributes><point id="position"><real id="x">24.5</real><real id="y">265</real></point><size id="size"><real id="width">53</real><real id="height">56</real></size></attributes><aspects/><behaviors><behavior enabled="true" id="id242328" class="RuleBehavior"><attributes><text id="name">move left</text><text id="bundleName">Rule.behavior</text><boolean id="runOnce">false</boolean><boolean id="runSequentially">false</boolean><real id="compoundConditionKind">0</real></attributes><conditions><condition id="id206183" pluginPredicateTypeIndex="0" eventType="touch"><attributes><index id="conditionType">0</index></attributes><predicate type="touch" conditionType="pressed"><attributes/></predicate></condition></conditions><behaviors><behavior id="id480651" class="ChangeAttributeAction" enabled="true"><attributes><text id="name">Change Attribute</text><text id="bundleName">ChangeAttribute.behavior</text><text id="targetAttribute">game.attributes.id151747</text><text id="RHS">true</text></attributes></behavior></behaviors><elseBehaviors><behavior id="id157739" class="ChangeAttributeAction" enabled="true"><attributes><text id="name">Change Attribute</text><text id="bundleName">ChangeAttribute.behavior</text><text id="targetAttribute">game.attributes.id151747</text><text id="RHS">false</text></attributes></behavior></elseBehaviors></behavior></behaviors></actor><actor id="id333327" prototype="id975173"><attributes><point id="position"><real id="x">78</real><real id="y">104</real></point><size id="size"><real id="width">32</real><real id="height">32</real></size></attributes><aspects><graphics><attributes><integer id="tileWidth">100</integer><integer id="tileHeight">100</integer></attributes></graphics><physics><attributes><real id="density">0</real><real id="friction">0</real><boolean id="movable">true</boolean></attributes></physics></aspects><behaviors><behavior id="id333405" class="CollideBehavior" enabled="true"><attributes><text id="name">Collide</text><text id="bundleName">Collide.behavior</text><text id="prototypeKey">id746171</text><text id="actorTag"></text><index id="mode">0</index></attributes></behavior><behavior enabled="true" id="id529002" class="RuleBehavior"><attributes><text id="name">Move me Right</text><text id="bundleName">Rule.behavior</text><boolean id="runOnce">false</boolean><boolean id="runSequentially">false</boolean><real id="compoundConditionKind">0</real></attributes><conditions><condition id="id283646" pluginPredicateTypeIndex="0" eventType="mouse position"><attributes><index id="conditionType">1</index><text id="subjectAttribute">game.attributes.id385067</text></attributes><predicate type="boolean"><attributes><index id="RHS">1</index></attributes></predicate></condition></conditions><behaviors><behavior id="id560846" class="MoveBehavior" enabled="true"><attributes><text id="name">Move</text><text id="bundleName">Move.behavior</text><angle id="direction">0</angle><index id="space">0</index><index id="moveType">0</index><real id="speed">220</real><boolean id="haltWhenBehaviorStops">true</boolean></attributes></behavior></behaviors><elseBehaviors/></behavior><behavior enabled="true" id="id573005" class="RuleBehavior"><attributes><text id="name">Move me Left</text><text id="bundleName">Rule.behavior</text><boolean id="runOnce">false</boolean><boolean id="runSequentially">false</boolean><real id="compoundConditionKind">0</real></attributes><conditions><condition id="id283646" pluginPredicateTypeIndex="0" eventType="mouse position"><attributes><index id="conditionType">1</index><text id="subjectAttribute">game.attributes.id151747</text></attributes><predicate type="boolean"><attributes><index id="RHS">1</index></attributes></predicate></condition></conditions><behaviors><behavior id="id560846" class="MoveBehavior" enabled="true"><attributes><text id="name">Move</text><text id="bundleName">Move.behavior</text><angle id="direction">180</angle><index id="space">0</index><index id="moveType">0</index><real id="speed">220</real><boolean id="haltWhenBehaviorStops">true</boolean></attributes></behavior></behaviors><elseBehaviors/></behavior><behavior id="id458618" class="AccelerateBehavior" enabled="true"><attributes><text id="name">Accelerate</text><text id="bundleName">Accelerate.behavior</text><angle id="direction">270</angle><index id="space">0</index><real id="acceleration">150</real></attributes></behavior><behavior enabled="true" id="id283877" class="RuleBehavior"><attributes><text id="name">Jump</text><text id="bundleName">Rule.behavior</text><boolean id="runOnce">false</boolean><boolean id="runSequentially">false</boolean><real id="compoundConditionKind">0</real></attributes><conditions><condition id="id995512" pluginPredicateTypeIndex="0" eventType="key"><attributes><index id="conditionType">1</index><text id="subjectAttribute">game.attributes.id286807</text></attributes><predicate type="boolean"><attributes><index id="RHS">1</index></attributes></predicate></condition></conditions><behaviors><behavior id="id835173" class="TimerBehavior" enabled="true"><attributes><text id="name">Timer</text><text id="bundleName">Timer.behavior</text><boolean id="runOnce">false</boolean><boolean id="runSequentially">false</boolean><index id="timerType">2</index><real id="interval">2</real><boolean id="runToCompletion">true</boolean></attributes><behaviors><behavior id="id960853" class="ChangeVelocityAction" enabled="true"><attributes><text id="name">Change Velocity</text><text id="bundleName">ChangeVelocity.behavior</text><angle id="direction">90</angle><index id="space">0</index><real id="speed">150</real></attributes></behavior></behaviors></behavior></behaviors><elseBehaviors/></behavior></behaviors></actor><actor id="id547686" prototype="id746171"><attributes><point id="position"><real id="x">283</real><real id="y">42</real></point><size id="size"><real id="width">494</real><real id="height">36</real></size></attributes><aspects><graphics><attributes><integer id="tileWidth">100</integer><integer id="tileHeight">100</integer></attributes></graphics><physics><attributes><real id="density">0</real><real id="friction">0</real></attributes></physics></aspects><behaviors/></actor><actor id="id514688" prototype="id709743"><attributes><point id="position"><real id="x">26</real><real id="y">209</real></point></attributes><aspects/><behaviors><behavior enabled="true" id="id722928" class="RuleBehavior"><attributes><text id="name">move up</text><text id="bundleName">Rule.behavior</text><boolean id="runOnce">false</boolean><boolean id="runSequentially">false</boolean><real id="compoundConditionKind">0</real></attributes><conditions><condition id="id206183" pluginPredicateTypeIndex="0" eventType="touch"><attributes><index id="conditionType">0</index></attributes><predicate type="touch" conditionType="pressed"><attributes/></predicate></condition></conditions><behaviors><behavior id="id480651" class="ChangeAttributeAction" enabled="true"><attributes><text id="name">Change Attribute</text><text id="bundleName">ChangeAttribute.behavior</text><text id="targetAttribute">game.attributes.id286807</text><text id="RHS">true</text></attributes></behavior></behaviors><elseBehaviors><behavior id="id157739" class="ChangeAttributeAction" enabled="true"><attributes><text id="name">Change Attribute</text><text id="bundleName">ChangeAttribute.behavior</text><text id="targetAttribute">game.attributes.id286807</text><text id="RHS">false</text></attributes></behavior></elseBehaviors></behavior></behaviors></actor><actor id="id858480" prototype="id746171"><attributes><point id="position"><real id="x">374.02474975586</real><real id="y">114.84831237793</real></point><size id="size"><real id="width">148</real><real id="height">24</real></size><angle id="rotation">180.1174621582</angle></attributes><aspects><graphics><attributes><integer id="tileWidth">100</integer><integer id="tileHeight">100</integer></attributes></graphics><physics><attributes><real id="density">0</real><real id="friction">0</real></attributes></physics></aspects><behaviors/></actor></actors><attributes><text id="name">Background</text><boolean id="scrollable">true</boolean></attributes></layer></layers><attributes><text id="name">Scene 1</text><real id="time">0</real><size id="size"><real id="width">568</real><real id="height">320</real></size><boolean id="wrapX">false</boolean><boolean id="wrapY">false</boolean><point id="gravity"><real id="x">0</real><real id="y">0</real></point><color id="color"><real id="red">0</real><real id="green">0</real><real id="blue">0</real><real id="alpha">1</real></color><rect id="camera"><point id="origin"><real id="x">0</real><real id="y">0</real></point><size id="size"><real id="width">568</real><real id="height">320</real></size><size id="trackingArea"><real id="width">488</real><real id="height">240</real></size><real id="rotation">0</real></rect><attributes id="autorotate"><boolean id="landscapeLeft">true</boolean><boolean id="portrait">false</boolean><boolean id="landscapeRight">false</boolean><boolean id="portraitUpsideDown">false</boolean></attributes></attributes></scene>
