<?xml version="1.0" encoding="UTF-8"?>
<game GSCVersion="1.25.61" PGFVersion="0.25" title="Simple Touch Controls"><resolutionIndependence>0</resolutionIndependence><resolution>12</resolution><scenes><scene id="id524601" label="Scene 1"/></scenes><longDescription>How to add simple touch controls to your project.</longDescription><prototypes><actor id="id869872"/><actor id="id684732"/><actor id="id661936"/><actor id="id709743"/><actor id="id975173"/><actor id="id746171"/></prototypes><plugins><attributes id="playhaven"/><attributes id="kiip"><text id="appKey"></text><text id="appSecret"></text><text id="achievementIdentifiers"></text><text id="achievementNames"></text><text id="leaderboardIdentifiers"></text><text id="leaderboardNames"></text></attributes></plugins><networkEnabled>0</networkEnabled><attributes><text id="name">default name</text><real id="time">0</real><integer id="randomSeed">-1</integer><size id="displaySize"><real id="width">568</real><real id="height">320</real></size><text id="actorTags"></text><adreward id="adReward"><integer id="value">0</integer><text id="name"></text></adreward><enumeration id="playerType">1</enumeration><playermap id="player1 Keymap"><text id="dpadUp"></text><text id="dpadDown"></text><text id="dpadLeft"></text><text id="dpadRight"></text><text id="buttonX"></text><text id="buttonY"></text><text id="buttonA"></text><text id="buttonB"></text><text id="start"></text><text id="select"></text><text id="leftShoulder1"></text><text id="rightShoulder1"></text><text id="leftShoulder2"></text><text id="rightShoulder2"></text><text id="leftStickClick"></text><text id="rightStickClick"></text></playermap><playermap id="player2 Keymap"><text id="dpadUp"></text><text id="dpadDown"></text><text id="dpadLeft"></text><text id="dpadRight"></text><text id="buttonX"></text><text id="buttonY"></text><text id="buttonA"></text><text id="buttonB"></text><text id="start"></text><text id="select"></text><text id="leftShoulder1"></text><text id="rightShoulder1"></text><text id="leftShoulder2"></text><text id="rightShoulder2"></text><text id="leftStickClick"></text><text id="rightStickClick"></text></playermap><playermap id="player3 Keymap"><text id="dpadUp"></text><text id="dpadDown"></text><text id="dpadLeft"></text><text id="dpadRight"></text><text id="buttonX"></text><text id="buttonY"></text><text id="buttonA"></text><text id="buttonB"></text><text id="start"></text><text id="select"></text><text id="leftShoulder1"></text><text id="rightShoulder1"></text><text id="leftShoulder2"></text><text id="rightShoulder2"></text><text id="leftStickClick"></text><text id="rightStickClick"></text></playermap><playermap id="player4 Keymap"><text id="dpadUp"></text><text id="dpadDown"></text><text id="dpadLeft"></text><text id="dpadRight"></text><text id="buttonX"></text><text id="buttonY"></text><text id="buttonA"></text><text id="buttonB"></text><text id="start"></text><text id="select"></text><text id="leftShoulder1"></text><text id="rightShoulder1"></text><text id="leftShoulder2"></text><text id="rightShoulder2"></text><text id="leftStickClick"></text><text id="rightStickClick"></text></playermap><playermap id="player5 Keymap"><text id="dpadUp"></text><text id="dpadDown"></text><text id="dpadLeft"></text><text id="dpadRight"></text><text id="buttonX"></text><text id="buttonY"></text><text id="buttonA"></text><text id="buttonB"></text><text id="start"></text><text id="select"></text><text id="leftShoulder1"></text><text id="rightShoulder1"></text><text id="leftShoulder2"></text><text id="rightShoulder2"></text><text id="leftStickClick"></text><text id="rightStickClick"></text></playermap><playermap id="player6 Keymap"><text id="dpadUp"></text><text id="dpadDown"></text><text id="dpadLeft"></text><text id="dpadRight"></text><text id="buttonX"></text><text id="buttonY"></text><text id="buttonA"></text><text id="buttonB"></text><text id="start"></text><text id="select"></text><text id="leftShoulder1"></text><text id="rightShoulder1"></text><text id="leftShoulder2"></text><text id="rightShoulder2"></text><text id="leftStickClick"></text><text id="rightStickClick"></text></playermap><playermap id="player7 Keymap"><text id="dpadUp"></text><text id="dpadDown"></text><text id="dpadLeft"></text><text id="dpadRight"></text><text id="buttonX"></text><text id="buttonY"></text><text id="buttonA"></text><text id="buttonB"></text><text id="start"></text><text id="select"></text><text id="leftShoulder1"></text><text id="rightShoulder1"></text><text id="leftShoulder2"></text><text id="rightShoulder2"></text><text id="leftStickClick"></text><text id="rightStickClick"></text></playermap><playermap id="player8 Keymap"><text id="dpadUp"></text><text id="dpadDown"></text><text id="dpadLeft"></text><text id="dpadRight"></text><text id="buttonX"></text><text id="buttonY"></text><text id="buttonA"></text><text id="buttonB"></text><text id="start"></text><text id="select"></text><text id="leftShoulder1"></text><text id="rightShoulder1"></text><text id="leftShoulder2"></text><text id="rightShoulder2"></text><text id="leftStickClick"></text><text id="rightStickClick"></text></playermap><boolean name="moveRight" id="id385067">false</boolean><boolean name="moveLeft" id="id151747">false</boolean><boolean name="moveUp" id="id286807">false</boolean><boolean name="moveDown" id="id922414">false</boolean><table name="PurchaseTable" id="id335939">PurchaseTable</table></attributes></game>
